city,lowPercent,postalCode,BridgeModificationTimestamp,highPercent,houseNumber,zipPlusFour,unitNumber,directionSuffix,Latitude,streetName,unitPrefix,id,state,directionPrefix,timestamp,zillowUrl,address,Coordinates,zpid,forecastStandardDeviation,Longitude,zestimate,rentalTimestamp,minus30,rentalLowPercent,houseNumberFraction,streetSuffix,rentalZestimate,rentalHighPercent,url
Miami,19,33127,2024-02-20T06:11:05.330Z,18,5700,1512,,,25.827739,6th,,70f77f175e1526b6f1f2be3bca3cda4f,FL,NW,2024-02-18T08:00:00.000Z,https://www.zillow.com/homes/43807923_zpid/,5700 NW 6th Ave Miami FL 33127,"[-80.205986, 25.827739]",43807923,,-80.205986,219500,2024-01-31T08:00:00.000Z,221745,11,,Ave,2350,17,api.bridgedataoutput.com/api/v2/zestimates_v2/zestimates/70f77f175e1526b6f1f2be3bca3cda4f
Miami,15,33150,2024-02-20T05:31:15.446Z,13,8202,2839,,,25.849891,5th,,fe00df069ad81a1fff5353b6c7ef34fa,FL,NW,2024-02-18T08:00:00.000Z,https://www.zillow.com/homes/44158191_zpid/,8202 NW 5th Ct Miami FL 33150,"[-80.206527, 25.849891]",44158191,,-80.206527,332200,2024-01-31T08:00:00.000Z,326597,11,,Ct,2800,19,api.bridgedataoutput.com/api/v2/zestimates_v2/zestimates/fe00df069ad81a1fff5353b6c7ef34fa
Opa Locka,10,33054,2024-02-21T01:03:18.869Z,8,1045,3019,,,25.911108,Curtiss,,7768db69c5458921c743172669882e0c,FL,,2024-02-18T08:00:00.000Z,https://www.zillow.com/homes/43994986_zpid/,1045 Curtiss Dr Opa Locka FL 33054,"[-80.251403, 25.911108]",43994986,,-80.251403,406500,2024-02-20T08:00:00.000Z,400686,10,,Dr,3311,15,api.bridgedataoutput.com/api/v2/zestimates_v2/zestimates/7768db69c5458921c743172669882e0c
Miami Gardens,10,33056,2024-02-21T00:49:49.063Z,8,3411,4141,,,25.931241,172nd,,eb5dcfa542e83e311f76dbf95cd8de97,FL,NW,2024-02-18T08:00:00.000Z,https://www.zillow.com/homes/44106066_zpid/,3411 NW 172nd Ter Miami Gardens FL 33056,"[-80.257614, 25.931241]",44106066,,-80.257614,435000,2024-02-20T08:00:00.000Z,428462,10,,Ter,3513,13,api.bridgedataoutput.com/api/v2/zestimates_v2/zestimates/eb5dcfa542e83e311f76dbf95cd8de97
Miami Gardens,13,33056,2024-02-15T11:08:26.068Z,15,17321,4115,,,25.931953,37th,,a5ffd7c399783e5aeb9e081aee680d9e,FL,NW,2024-02-04T08:00:00.000Z,https://www.zillow.com/homes/44106162_zpid/,17321 NW 37th Ave Miami Gardens FL 33056,"[-80.260726, 25.931953]",44106162,,-80.260726,445800,2024-02-13T08:00:00.000Z,440928,17,,Ave,2999,13,api.bridgedataoutput.com/api/v2/zestimates_v2/zestimates/a5ffd7c399783e5aeb9e081aee680d9e
Miami Gardens,10,33056,2024-02-20T13:35:50.832Z,8,3510,3940,,,25.933584,176th,,1c72a4708c4b4f6dbb33989e0821f029,FL,NW,2024-02-18T08:00:00.000Z,https://www.zillow.com/homes/62936198_zpid/,3510 NW 176th St Miami Gardens FL 33056,"[-80.259658, 25.933584]",62936198,,-80.259658,428200,2023-12-19T08:00:00.000Z,422697,10,,St,3200,9,api.bridgedataoutput.com/api/v2/zestimates_v2/zestimates/1c72a4708c4b4f6dbb33989e0821f029
Miami,10,33147,2024-02-20T05:38:59.909Z,8,9410,2718,,,25.859411,32nd,,870b6592534c31953e37505c93d57b92,FL,NW,2024-02-18T08:00:00.000Z,https://www.zillow.com/homes/44154066_zpid/,9410 NW 32nd Ct Miami FL 33147,"[-80.251655, 25.859411]",44154066,,-80.251655,420800,2024-02-13T08:00:00.000Z,415507,11,,Ct,3357,13,api.bridgedataoutput.com/api/v2/zestimates_v2/zestimates/870b6592534c31953e37505c93d57b92
Miami,11,33167,2024-02-21T01:03:20.054Z,9,1711,1546,,,25.897865,135th,,81894871f6c0e1ce0fa36d26893bf6c0,FL,NW,2024-02-18T08:00:00.000Z,https://www.zillow.com/homes/43996214_zpid/,1711 NW 135th St Miami FL 33167,"[-80.227874, 25.897865]",43996214,,-80.227874,401500,2024-02-20T08:00:00.000Z,394879,11,,St,3575,8,api.bridgedataoutput.com/api/v2/zestimates_v2/zestimates/81894871f6c0e1ce0fa36d26893bf6c0
Miami Gardens,10,33056,2024-02-20T07:03:02.269Z,8,3540,1250,,,25.966047,209th,,075c26d220a1f0eaa9e5044d3c4f7139,FL,NW,2024-02-18T08:00:00.000Z,https://www.zillow.com/homes/44062156_zpid/,3540 NW 209th Ter Miami Gardens FL 33056,"[-80.26139, 25.966047]",44062156,,-80.26139,432100,2024-02-06T08:00:00.000Z,426269,15,,Ter,3267,21,api.bridgedataoutput.com/api/v2/zestimates_v2/zestimates/075c26d220a1f0eaa9e5044d3c4f7139
Miami Gardens,6,33056,2024-02-20T05:37:51.448Z,6,3520,3413,,,25.935838,178th,,6af0310e20935fcaa84da48b2cdb1eec,FL,NW,2024-02-18T08:00:00.000Z,https://www.zillow.com/homes/44105747_zpid/,3520 NW 178th St Miami Gardens FL 33056,"[-80.259666, 25.935838]",44105747,,-80.259666,486600,2024-02-13T08:00:00.000Z,481472,5,,St,3469,16,api.bridgedataoutput.com/api/v2/zestimates_v2/zestimates/6af0310e20935fcaa84da48b2cdb1eec
Miami Gardens,10,33056,2024-02-20T05:44:35.357Z,8,16925,4526,,,25.928834,25th,,2cac5d78b7972a29cb79ba57eb177703,FL,NW,2024-02-18T08:00:00.000Z,https://www.zillow.com/homes/44107037_zpid/,16925 NW 25th Ct Miami Gardens FL 33056,"[-80.243164, 25.928834]",44107037,,-80.243164,441500,2024-02-13T08:00:00.000Z,435459,9,,Ct,3284,14,api.bridgedataoutput.com/api/v2/zestimates_v2/zestimates/2cac5d78b7972a29cb79ba57eb177703
Opa Locka,15,33054,2024-02-20T05:56:34.728Z,12,1341,3055,,,25.910274,Peri,,a76ac2a914ee2378c83a55be82d6d83e,FL,,2024-02-18T08:00:00.000Z,https://www.zillow.com/homes/43995191_zpid/,1341 Peri St Opa Locka FL 33054,"[-80.244789, 25.910274]",43995191,,-80.244789,333900,2024-01-31T08:00:00.000Z,330066,12,,St,2600,12,api.bridgedataoutput.com/api/v2/zestimates_v2/zestimates/a76ac2a914ee2378c83a55be82d6d83e
Miami,15,33147,2024-02-20T05:33:58.335Z,12,2418,3044,,,25.859874,94th,,d8eebb9e81697b3605dcb795d358908d,FL,NW,2024-02-18T08:00:00.000Z,https://www.zillow.com/homes/44151347_zpid/,2418 NW 94th St Miami FL 33147,"[-80.238571, 25.859874]",44151347,,-80.238571,332500,2023-12-29T08:00:00.000Z,324469,11,,St,2800,7,api.bridgedataoutput.com/api/v2/zestimates_v2/zestimates/d8eebb9e81697b3605dcb795d358908d
Miami,13,33167,2024-02-20T06:18:13.677Z,11,2500,1343,,,25.893486,131st,,7df8453533ac71d77c4fd0db729b47eb,FL,NW,2024-02-18T08:00:00.000Z,https://www.zillow.com/homes/44118156_zpid/,2500 NW 131st St Miami FL 33167,"[-80.241432, 25.893486]",44118156,,-80.241432,348500,2024-02-13T08:00:00.000Z,345572,7,,St,2999,17,api.bridgedataoutput.com/api/v2/zestimates_v2/zestimates/7df8453533ac71d77c4fd0db729b47eb
Miami Gardens,8,33054,2024-02-20T17:24:02.753Z,7,15300,2417,,,25.913511,32nd,,db609ea2c1ba691b07a75d974844b16f,FL,NW,2024-02-18T08:00:00.000Z,https://www.zillow.com/homes/62937284_zpid/,15300 NW 32nd Pl Miami Gardens FL 33054,"[-80.253921, 25.913511]",62937284,,-80.253921,433200,2024-02-06T08:00:00.000Z,430483,7,,Pl,3350,7,api.bridgedataoutput.com/api/v2/zestimates_v2/zestimates/db609ea2c1ba691b07a75d974844b16f
Miami,18,33142,2024-02-20T08:10:32.198Z,15,5535,2815,,,25.825399,30th,,82f98bb0fe8b931b4e70dae728037711,FL,NW,2024-02-18T08:00:00.000Z,https://www.zillow.com/homes/44160521_zpid/,5535 NW 30th Ave Miami FL 33142,"[-80.244606, 25.825399]",44160521,,-80.244606,257900,2024-01-23T08:00:00.000Z,253766,15,,Ave,2314,17,api.bridgedataoutput.com/api/v2/zestimates_v2/zestimates/82f98bb0fe8b931b4e70dae728037711
Miami Gardens,10,33056,2024-02-20T13:55:16.814Z,8,3250,3416,,,25.936733,179th,,f5c026b83c50d832d2a70d99a0b0757d,FL,NW,2024-02-18T08:00:00.000Z,https://www.zillow.com/homes/62936150_zpid/,3250 NW 179th St Miami Gardens FL 33056,"[-80.254585, 25.936733]",62936150,,-80.254585,405800,2024-02-06T08:00:00.000Z,402503,5,,St,2852,14,api.bridgedataoutput.com/api/v2/zestimates_v2/zestimates/f5c026b83c50d832d2a70d99a0b0757d
Miami Gardens,10,33056,2024-02-20T14:14:05.153Z,8,3240,3951,,,25.935308,177th,,421b890d025ef4a06b7f273971952438,FL,NW,2024-02-18T08:00:00.000Z,https://www.zillow.com/homes/62936164_zpid/,3240 NW 177th Ter Miami Gardens FL 33056,"[-80.254348, 25.935308]",62936164,,-80.254348,400200,2024-02-13T08:00:00.000Z,395921,12,,Ter,2842,14,api.bridgedataoutput.com/api/v2/zestimates_v2/zestimates/421b890d025ef4a06b7f273971952438
Opa Locka,11,33054,2024-02-20T05:48:27.898Z,8,840,2441,,,25.911209,Oriental,,e143f1667899f3a2a1f4d5c31d013272,FL,,2024-02-18T08:00:00.000Z,https://www.zillow.com/homes/43994966_zpid/,840 Oriental Blvd Opa Locka FL 33054,"[-80.25492, 25.911209]",43994966,,-80.25492,355500,2024-01-31T08:00:00.000Z,348541,6,,Blvd,3099,13,api.bridgedataoutput.com/api/v2/zestimates_v2/zestimates/e143f1667899f3a2a1f4d5c31d013272
Miami Gardens,10,33054,2024-02-21T07:53:53.515Z,8,3121,6443,,,25.924802,165th,,eca969f01e6b9f47412b0760b74714b8,FL,NW,2024-02-18T08:00:00.000Z,https://www.zillow.com/homes/62937229_zpid/,3121 NW 165th St Miami Gardens FL 33054,"[-80.252204, 25.924802]",62937229,,-80.252204,413300,2024-02-20T08:00:00.000Z,410531,17,,St,3528,11,api.bridgedataoutput.com/api/v2/zestimates_v2/zestimates/eca969f01e6b9f47412b0760b74714b8
Miami Gardens,10,33054,2024-02-21T01:17:07.533Z,8,16235,6824,,,25.922246,28th,,e6875a3f7a3985970c54274665a7c36b,FL,NW,2024-02-18T08:00:00.000Z,https://www.zillow.com/homes/44113047_zpid/,16235 NW 28th Ct Miami Gardens FL 33054,"[-80.24678, 25.922246]",44113047,,-80.24678,425000,2024-02-20T08:00:00.000Z,422207,12,,Ct,3399,17,api.bridgedataoutput.com/api/v2/zestimates_v2/zestimates/e6875a3f7a3985970c54274665a7c36b
Miami Gardens,11,33054,2024-02-20T06:11:28.098Z,8,2951,6423,,,25.923461,164th,,bd6f00ade02e5afbc6c6904775b69751,FL,NW,2024-02-18T08:00:00.000Z,https://www.zillow.com/homes/44113615_zpid/,2951 NW 164th St Miami Gardens FL 33054,"[-80.249717, 25.923461]",44113615,,-80.249717,378600,2024-02-13T08:00:00.000Z,374838,17,,St,2999,10,api.bridgedataoutput.com/api/v2/zestimates_v2/zestimates/bd6f00ade02e5afbc6c6904775b69751
North Miami,12,33168,2024-02-20T05:02:35.930Z,10,400,4031,,,25.899953,Opa Locka,,a09b7654fe16f093674bc53743148d66,FL,,2024-02-18T08:00:00.000Z,https://www.zillow.com/homes/43970389_zpid/,400 Opa Locka Blvd North Miami FL 33168,"[-80.205482, 25.899953]",43970389,,-80.205482,415600,2024-02-13T08:00:00.000Z,410672,14,,Blvd,3600,13,api.bridgedataoutput.com/api/v2/zestimates_v2/zestimates/a09b7654fe16f093674bc53743148d66
Miami Gardens,11,33056,2024-02-21T01:11:29.316Z,8,20515,1531,,,25.963056,24th,,e6093f0e391a106e6980552cc33c43bc,FL,NW,2024-02-18T08:00:00.000Z,https://www.zillow.com/homes/44063932_zpid/,20515 NW 24th Ave Miami Gardens FL 33056,"[-80.241859, 25.963056]",44063932,,-80.241859,425300,2024-02-20T08:00:00.000Z,419576,12,,Ave,3399,18,api.bridgedataoutput.com/api/v2/zestimates_v2/zestimates/e6093f0e391a106e6980552cc33c43bc
Miami Gardens,10,33054,2024-02-20T13:44:28.257Z,8,2951,6439,,,25.924884,165th,,f874a13681050c7ce6bba0bd21845602,FL,NW,2024-02-18T08:00:00.000Z,https://www.zillow.com/homes/62937274_zpid/,2951 NW 165th St Miami Gardens FL 33054,"[-80.249771, 25.924884]",62937274,,-80.249771,413800,2024-02-13T08:00:00.000Z,410583,14,,St,3043,11,api.bridgedataoutput.com/api/v2/zestimates_v2/zestimates/f874a13681050c7ce6bba0bd21845602
Miami Gardens,10,33054,2024-02-20T16:21:14.500Z,8,15330,2515,,,25.913785,31st,,bfc1e22d1aa177dc00843f77556a7cc2,FL,NW,2024-02-18T08:00:00.000Z,https://www.zillow.com/homes/62937149_zpid/,15330 NW 31st Ave Miami Gardens FL 33054,"[-80.251594, 25.913785]",62937149,,-80.251594,383000,2024-02-06T08:00:00.000Z,380972,9,,Ave,3051,16,api.bridgedataoutput.com/api/v2/zestimates_v2/zestimates/bfc1e22d1aa177dc00843f77556a7cc2
Opa Locka,14,33054,2024-02-21T00:48:19.771Z,11,2460,4059,,,25.901819,140th,,5b639297ba7c1c6c725143fad662c02e,FL,NW,2024-02-18T08:00:00.000Z,https://www.zillow.com/homes/43996838_zpid/,2460 NW 140th St Opa Locka FL 33054,"[-80.240585, 25.901819]",43996838,,-80.240585,283500,2024-02-20T08:00:00.000Z,279448,12,,St,2394,6,api.bridgedataoutput.com/api/v2/zestimates_v2/zestimates/5b639297ba7c1c6c725143fad662c02e
Opa Locka,14,33054,2024-02-21T01:04:02.547Z,10,2550,,,,25.899477,Superior,,e0b0ee750a83e4e53255046cc54f640d,FL,E,2024-02-18T08:00:00.000Z,https://www.zillow.com/homes/43996656_zpid/,2550 E Superior St Opa Locka FL 33054,"[-80.241493, 25.899477]",43996656,,-80.241493,300300,2024-02-20T08:00:00.000Z,297531,9,,St,2614,17,api.bridgedataoutput.com/api/v2/zestimates_v2/zestimates/e0b0ee750a83e4e53255046cc54f640d
Miami Gardens,9,33169,2024-02-20T05:46:45.543Z,8,930,4649,,,25.935907,176th,,44e022fdeed5472095dbf22d50589f25,FL,NW,2024-02-18T08:00:00.000Z,https://www.zillow.com/homes/44109202_zpid/,930 NW 176th Ter Miami Gardens FL 33169,"[-80.217826, 25.935907]",44109202,,-80.217826,435600,2024-02-13T08:00:00.000Z,428755,10,,Ter,3300,9,api.bridgedataoutput.com/api/v2/zestimates_v2/zestimates/44e022fdeed5472095dbf22d50589f25
Miami Gardens,10,33169,2024-02-20T05:56:12.962Z,8,17921,4316,,,25.939121,5th,,5533efbb4d4321e16c13785ef431821a,FL,NW,2024-02-18T08:00:00.000Z,https://www.zillow.com/homes/44109256_zpid/,17921 NW 5th Ave Miami Gardens FL 33169,"[-80.208793, 25.939121]",44109256,,-80.208793,414200,2024-01-23T08:00:00.000Z,408797,8,,Ave,2999,23,api.bridgedataoutput.com/api/v2/zestimates_v2/zestimates/5533efbb4d4321e16c13785ef431821a
Miami Gardens,6,33056,2024-02-20T13:37:13.677Z,6,3531,1249,,,25.966539,209th,,54b854a6c5fb38ee88a245531b06bbd9,FL,NW,2024-02-18T08:00:00.000Z,https://www.zillow.com/homes/62933595_zpid/,3531 NW 209th Ter Miami Gardens FL 33056,"[-80.261238, 25.966539]",62933595,,-80.261238,495400,2024-01-16T08:00:00.000Z,488728,9,,Ter,3499,29,api.bridgedataoutput.com/api/v2/zestimates_v2/zestimates/54b854a6c5fb38ee88a245531b06bbd9
Miami Gardens,11,33054,2024-02-20T13:45:07.140Z,9,2010,2811,,,25.913976,153rd,,6ccdb8239f1c3826fd77e146ab5e2e0e,FL,NW,2024-02-18T08:00:00.000Z,https://www.zillow.com/homes/62937053_zpid/,2010 NW 153rd St Miami Gardens FL 33054,"[-80.234443, 25.913976]",62937053,,-80.234443,383100,2024-02-13T08:00:00.000Z,381803,10,,St,3300,12,api.bridgedataoutput.com/api/v2/zestimates_v2/zestimates/6ccdb8239f1c3826fd77e146ab5e2e0e
Miami Gardens,10,33056,2024-02-20T14:22:49.639Z,7,3440,3452,,,25.940038,183rd,,acc249a9fa92cc450db4a39da82ed052,FL,NW,2024-02-18T08:00:00.000Z,https://www.zillow.com/homes/62936274_zpid/,3440 NW 183rd St Miami Gardens FL 33056,"[-80.258537, 25.940038]",62936274,,-80.258537,395900,2024-01-23T08:00:00.000Z,392152,10,,St,3099,6,api.bridgedataoutput.com/api/v2/zestimates_v2/zestimates/acc249a9fa92cc450db4a39da82ed052
Miami Gardens,9,33055,2024-02-20T13:42:24.374Z,8,4390,3712,,,25.932071,174th,,540ad0d754da3c78edcee9a325c4381d,FL,NW,2024-02-18T08:00:00.000Z,https://www.zillow.com/homes/62935928_zpid/,4390 NW 174th Dr Miami Gardens FL 33055,"[-80.272842, 25.932071]",62935928,,-80.272842,464400,2024-01-28T08:00:00.000Z,455807,10,,Dr,3499,14,api.bridgedataoutput.com/api/v2/zestimates_v2/zestimates/540ad0d754da3c78edcee9a325c4381d
Miami Gardens,5,33054,2024-02-20T05:40:08.603Z,5,15211,2520,,,25.91278,32nd,,d58877d99e4a86821b24c87b442ce9c5,FL,NW,2024-02-18T08:00:00.000Z,https://www.zillow.com/homes/44112804_zpid/,15211 NW 32nd Ave Miami Gardens FL 33054,"[-80.251853, 25.91278]",44112804,,-80.251853,480700,2024-01-16T08:00:00.000Z,475755,6,,Ave,3399,12,api.bridgedataoutput.com/api/v2/zestimates_v2/zestimates/d58877d99e4a86821b24c87b442ce9c5
Opa Locka,12,33054,2024-02-21T01:05:26.908Z,10,910,3940,,,25.89845,Superior,,a6df3d20ed9480f1d3465f2119ff2d20,FL,,2024-02-18T08:00:00.000Z,https://www.zillow.com/homes/43995934_zpid/,910 Superior St Opa Locka FL 33054,"[-80.249267, 25.89845]",43995934,,-80.249267,406100,2024-02-20T08:00:00.000Z,401172,8,,St,3200,16,api.bridgedataoutput.com/api/v2/zestimates_v2/zestimates/a6df3d20ed9480f1d3465f2119ff2d20
Miami,13,33168,2024-02-20T08:55:39.615Z,11,531,3246,,,25.87593,110th,,730a0f84d56d4413334a865a61933577,FL,NW,2024-02-18T08:00:00.000Z,https://www.zillow.com/homes/44122119_zpid/,531 NW 110th St Miami FL 33168,"[-80.206932, 25.87593]",44122119,,-80.206932,382900,2024-01-31T08:00:00.000Z,379069,11,,St,3200,9,api.bridgedataoutput.com/api/v2/zestimates_v2/zestimates/730a0f84d56d4413334a865a61933577
Miami,13,33167,2024-02-20T06:06:38.078Z,10,12845,1556,,,25.891992,Randall Park,,6f8887bb2a84173adb57c2f24c28dc6a,FL,E,2024-02-18T08:00:00.000Z,https://www.zillow.com/homes/44117834_zpid/,12845 E Randall Park Dr Miami FL 33167,"[-80.227722, 25.891992]",44117834,,-80.227722,334000,2024-02-13T08:00:00.000Z,333148,5,,Dr,2663,15,api.bridgedataoutput.com/api/v2/zestimates_v2/zestimates/6f8887bb2a84173adb57c2f24c28dc6a
Miami Gardens,10,33054,2024-02-20T13:45:12.920Z,8,3000,2542,,,25.91212,151st,,6ee11bc4e1f28fa8919d1cdc7b20e5de,FL,NW,2024-02-18T08:00:00.000Z,https://www.zillow.com/homes/62937147_zpid/,3000 NW 151st Ter Miami Gardens FL 33054,"[-80.250076, 25.91212]",62937147,,-80.250076,382100,2023-10-31T07:00:00.000Z,379407,7,,Ter,2999,10,api.bridgedataoutput.com/api/v2/zestimates_v2/zestimates/6ee11bc4e1f28fa8919d1cdc7b20e5de
Miami,12,33167,2024-02-20T06:18:23.087Z,10,12720,1519,,,25.89072,18th,,10b189b610187e2cae73a830295e272e,FL,NW,2024-02-18T08:00:00.000Z,https://www.zillow.com/homes/44117891_zpid/,12720 NW 18th Ct Miami FL 33167,"[-80.229766, 25.89072]",44117891,,-80.229766,366900,2024-02-06T08:00:00.000Z,365600,13,,Ct,3007,13,api.bridgedataoutput.com/api/v2/zestimates_v2/zestimates/10b189b610187e2cae73a830295e272e
Miami,14,33168,2024-02-20T05:58:45.140Z,11,1121,6849,,,25.90476,142nd,,8ad020dc14cbb20375ecef561b85cc07,FL,NW,2024-02-18T08:00:00.000Z,https://www.zillow.com/homes/44114467_zpid/,1121 NW 142nd St Miami FL 33168,"[-80.218254, 25.90476]",44114467,,-80.218254,379000,2024-01-23T08:00:00.000Z,375890,12,,St,3200,10,api.bridgedataoutput.com/api/v2/zestimates_v2/zestimates/8ad020dc14cbb20375ecef561b85cc07
Miami Gardens,12,33056,2024-02-20T13:36:04.932Z,9,2401,4531,,,25.929355,170th,,4c6b6f450deedaf516d7faba94396f5d,FL,NW,2024-02-18T08:00:00.000Z,https://www.zillow.com/homes/62936341_zpid/,2401 NW 170th St Miami Gardens FL 33056,"[-80.240806, 25.929355]",62936341,,-80.240806,430900,2023-12-12T08:00:00.000Z,422462,14,,St,3200,19,api.bridgedataoutput.com/api/v2/zestimates_v2/zestimates/4c6b6f450deedaf516d7faba94396f5d
Miami Gardens,10,33056,2024-02-20T13:42:10.861Z,8,2445,4535,,,25.930036,170th,,d1960de85aed7e26a3b3224c1d845d6c,FL,NW,2024-02-18T08:00:00.000Z,https://www.zillow.com/homes/62936338_zpid/,2445 NW 170th Ter Miami Gardens FL 33056,"[-80.241882, 25.930036]",62936338,,-80.241882,420500,2024-02-13T08:00:00.000Z,414200,12,,Ter,3252,12,api.bridgedataoutput.com/api/v2/zestimates_v2/zestimates/d1960de85aed7e26a3b3224c1d845d6c
North Miami,12,33167,2024-02-21T01:46:54.314Z,10,13325,1624,,,25.896036,17th,,3ee472e77c3198cacceb0a424f217a07,FL,NW,2024-02-18T08:00:00.000Z,https://www.zillow.com/homes/43972756_zpid/,13325 NW 17th Ave North Miami FL 33167,"[-80.227287, 25.896036]",43972756,,-80.227287,438900,2024-02-20T08:00:00.000Z,433962,13,,Ave,3558,14,api.bridgedataoutput.com/api/v2/zestimates_v2/zestimates/3ee472e77c3198cacceb0a424f217a07
Miami Gardens,10,33056,2024-02-21T07:52:34.420Z,8,17230,4611,,,25.931823,24th,,cf1ece3d4535917ae0e942d75a318b67,FL,NW,2024-02-18T08:00:00.000Z,https://www.zillow.com/homes/62936373_zpid/,17230 NW 24th Ave Miami Gardens FL 33056,"[-80.241081, 25.931823]",62936373,,-80.241081,445500,2024-02-20T08:00:00.000Z,439928,11,,Ave,3614,10,api.bridgedataoutput.com/api/v2/zestimates_v2/zestimates/cf1ece3d4535917ae0e942d75a318b67
Miami,11,33167,2024-02-20T06:09:56.076Z,9,12771,1832,,,25.891151,Westview,,511498131a577c72e5c89fc1a5637928,FL,,2024-02-18T08:00:00.000Z,https://www.zillow.com/homes/44118194_zpid/,12771 Westview Dr Miami FL 33167,"[-80.241561, 25.891151]",44118194,,-80.241561,414000,2024-02-13T08:00:00.000Z,411414,12,,Dr,3252,16,api.bridgedataoutput.com/api/v2/zestimates_v2/zestimates/511498131a577c72e5c89fc1a5637928
Miami,12,33147,2024-02-20T05:36:08.099Z,9,9745,2511,,,25.864126,20th,,8fa29e0a9722a2c341c01cf3efeb812a,FL,NW,2024-02-18T08:00:00.000Z,https://www.zillow.com/homes/44152032_zpid/,9745 NW 20th Ave Miami FL 33147,"[-80.230895, 25.864126]",44152032,,-80.230895,382800,2024-02-13T08:00:00.000Z,376817,5,,Ave,2947,12,api.bridgedataoutput.com/api/v2/zestimates_v2/zestimates/8fa29e0a9722a2c341c01cf3efeb812a
Miami Gardens,9,33054,2024-02-21T01:14:18.487Z,7,15410,2436,,,25.914411,32nd,,7818cbbfba6e49704b458b9810111f5c,FL,NW,2024-02-18T08:00:00.000Z,https://www.zillow.com/homes/44113703_zpid/,15410 NW 32nd Ct Miami Gardens FL 33054,"[-80.253211, 25.914411]",44113703,,-80.253211,409900,2024-02-20T08:00:00.000Z,406555,14,,Ct,3249,8,api.bridgedataoutput.com/api/v2/zestimates_v2/zestimates/7818cbbfba6e49704b458b9810111f5c
Miami Gardens,10,33054,2024-02-20T08:11:30.012Z,8,2841,2638,,,25.912441,151st,,18e27d4d099695b41d6b2dc56cdba182,FL,NW,2024-02-18T08:00:00.000Z,https://www.zillow.com/homes/44112911_zpid/,2841 NW 151st Ter Miami Gardens FL 33054,"[-80.246841, 25.912441]",44112911,,-80.246841,400500,2024-02-13T08:00:00.000Z,397183,17,,Ter,2900,17,api.bridgedataoutput.com/api/v2/zestimates_v2/zestimates/18e27d4d099695b41d6b2dc56cdba182
Miami Gardens,9,33054,2024-02-20T05:58:05.965Z,8,15310,2515,,,25.913497,31st,,ef61def7789bde49f2d255e55b9ae3fc,FL,NW,2024-02-18T08:00:00.000Z,https://www.zillow.com/homes/44112792_zpid/,15310 NW 31st Ave Miami Gardens FL 33054,"[-80.251358, 25.913497]",44112792,,-80.251358,418500,2024-01-31T08:00:00.000Z,416190,10,,Ave,3300,9,api.bridgedataoutput.com/api/v2/zestimates_v2/zestimates/ef61def7789bde49f2d255e55b9ae3fc
North Miami Beach,12,33162,2024-02-20T06:00:46.991Z,10,1490,5903,,,25.915334,152nd,,f7043852be8635926d9eb6095e206fa6,FL,NE,2024-02-18T08:00:00.000Z,https://www.zillow.com/homes/43993403_zpid/,1490 NE 152nd St North Miami Beach FL 33162,"[-80.169776, 25.915334]",43993403,,-80.169776,355600,2024-01-16T08:00:00.000Z,351990,11,,St,2782,11,api.bridgedataoutput.com/api/v2/zestimates_v2/zestimates/f7043852be8635926d9eb6095e206fa6
Miami Gardens,9,33056,2024-02-21T07:51:14.985Z,7,3211,3439,,,25.939905,182nd,,d45a54c3cbde947158f5bc5c7f8bc3c2,FL,NW,2024-02-18T08:00:00.000Z,https://www.zillow.com/homes/62936265_zpid/,3211 NW 182nd St Miami Gardens FL 33056,"[-80.253822, 25.939905]",62936265,,-80.253822,434700,2024-02-20T08:00:00.000Z,431283,7,,St,2999,23,api.bridgedataoutput.com/api/v2/zestimates_v2/zestimates/d45a54c3cbde947158f5bc5c7f8bc3c2
Miami Gardens,10,33054,2024-02-21T07:52:39.093Z,8,15331,2611,,,25.913932,29th,,b9e3cacfea1f4881b83e7e74df9432f1,FL,NW,2024-02-18T08:00:00.000Z,https://www.zillow.com/homes/62937177_zpid/,15331 NW 29th Ave Miami Gardens FL 33054,"[-80.247993, 25.913932]",62937177,,-80.247993,415800,2024-02-20T08:00:00.000Z,412931,9,,Ave,3300,9,api.bridgedataoutput.com/api/v2/zestimates_v2/zestimates/b9e3cacfea1f4881b83e7e74df9432f1
Miami Gardens,10,33054,2024-02-20T06:09:04.782Z,8,15400,2510,,,25.91419,30th,,86f7a2a7edc64c810b602faf6f45d559,FL,NW,2024-02-18T08:00:00.000Z,https://www.zillow.com/homes/44112873_zpid/,15400 NW 30th Ave Miami Gardens FL 33054,"[-80.249801, 25.91419]",44112873,,-80.249801,396400,2024-02-13T08:00:00.000Z,394934,13,,Ave,3314,16,api.bridgedataoutput.com/api/v2/zestimates_v2/zestimates/86f7a2a7edc64c810b602faf6f45d559
Opa Locka,9,33055,2024-02-20T05:30:41.166Z,8,18002,3209,,,25.937055,47th,,b63e5855b4935a35195d0a505335d29c,FL,NW,2024-02-18T08:00:00.000Z,https://www.zillow.com/homes/44101389_zpid/,18002 NW 47th Pl Opa Locka FL 33055,"[-80.279098, 25.937055]",44101389,,-80.279098,464500,2024-01-02T08:00:00.000Z,462603,14,,Pl,3499,9,api.bridgedataoutput.com/api/v2/zestimates_v2/zestimates/b63e5855b4935a35195d0a505335d29c
Miami,11,33167,2024-02-20T06:11:26.415Z,9,12530,2129,,,25.889144,18th,,1e72672cb3b53214e1bd32435178dacf,FL,NW,2024-02-18T08:00:00.000Z,https://www.zillow.com/homes/44117674_zpid/,12530 NW 18th Ct Miami FL 33167,"[-80.229698, 25.889144]",44117674,,-80.229698,410100,2024-01-09T08:00:00.000Z,409793,9,,Ct,3534,13,api.bridgedataoutput.com/api/v2/zestimates_v2/zestimates/1e72672cb3b53214e1bd32435178dacf
Miami,13,33147,2024-02-20T05:33:58.334Z,10,2410,2418,,,25.860591,95th,,85fc35e4adc41a9ba4ea07c89a438065,FL,NW,2024-02-18T08:00:00.000Z,https://www.zillow.com/homes/44151332_zpid/,2410 NW 95th St Miami FL 33147,"[-80.238594, 25.860591]",44151332,,-80.238594,406200,2024-01-09T08:00:00.000Z,398297,14,,St,3492,12,api.bridgedataoutput.com/api/v2/zestimates_v2/zestimates/85fc35e4adc41a9ba4ea07c89a438065
North Miami Beach,12,33162,2024-02-20T05:51:26.433Z,10,1555,5928,,,25.916925,153rd,,b502be07ce2f44c42dd442dc7d6c101b,FL,NE,2024-02-18T08:00:00.000Z,https://www.zillow.com/homes/43993290_zpid/,1555 NE 153rd Ter North Miami Beach FL 33162,"[-80.168518, 25.916925]",43993290,,-80.168518,431300,2024-01-23T08:00:00.000Z,426469,11,,Ter,3599,14,api.bridgedataoutput.com/api/v2/zestimates_v2/zestimates/b502be07ce2f44c42dd442dc7d6c101b
Miami,11,33167,2024-02-20T06:07:58.789Z,9,12240,2111,,,25.8866,17th,,ca008af99accc1d1dd57cfe32b2093b8,FL,NW,2024-02-18T08:00:00.000Z,https://www.zillow.com/homes/44117786_zpid/,12240 NW 17th Ct Miami FL 33167,"[-80.227966, 25.8866]",44117786,,-80.227966,404300,2024-02-13T08:00:00.000Z,404114,12,,Ct,3381,15,api.bridgedataoutput.com/api/v2/zestimates_v2/zestimates/ca008af99accc1d1dd57cfe32b2093b8
Miami Gardens,11,33056,2024-02-20T05:05:53.695Z,8,20520,1539,,,25.96326,24th,,d1a316a5effd0ef63bd7c5441e2b5fdd,FL,NW,2024-02-18T08:00:00.000Z,https://www.zillow.com/homes/44063896_zpid/,20520 NW 24th Ct Miami Gardens FL 33056,"[-80.243087, 25.96326]",44063896,,-80.243087,404800,2023-08-31T07:00:00.000Z,399393,0,,Ct,2999,0,api.bridgedataoutput.com/api/v2/zestimates_v2/zestimates/d1a316a5effd0ef63bd7c5441e2b5fdd
